{"gradients/feature_layer.2.bias":{"_type":"histogram","values":[2,0,0,1,0,0,1,2,0,1,0,1,0,1,0,0,1,0,2,2,1,0,1,0,1,0,0,4,1,1,0,1,8,61,2,4,3,3,0,0,1,1,1,1,2,2,1,1,0,0,1,1,0,1,1,0,1,1,0,4,0,0,1,2],"bins":[-0.0003425090108066797,-0.0003322190896142274,-0.00032192919752560556,-0.00031163927633315325,-0.0003013493842445314,-0.0002910594630520791,-0.0002807695709634572,-0.0002704796497710049,-0.00026018975768238306,-0.00024989983648993075,-0.00023960992984939367,-0.00022932002320885658,-0.00021903010201640427,-0.0002087401953758672,-0.0001984502887353301,-0.00018816038209479302,-0.00017787047545425594,-0.00016758056881371886,-0.00015729066217318177,-0.0001470007555326447,-0.0001367108488921076,-0.0001264209276996553,-0.00011613102105911821,-0.00010584111441858113,-9.555120777804404e-05,-8.526130113750696e-05,-7.497139449696988e-05,-6.468148058047518e-05,-5.43915739399381e-05,-4.4101667299401015e-05,-3.3811757020885125e-05,-2.3521848561358638e-05,-1.3231969205662608e-05,-2.9420607461361215e-06,7.347847713390365e-06,1.7637756172916852e-05,2.792766463244334e-05,3.821757127298042e-05,4.850748155149631e-05,5.87973918300122e-05,6.908729847054929e-05,7.937720511108637e-05,8.966711175162345e-05,9.995702566811815e-05,0.00011024693230865523,0.00012053683894919232,0.000130826752865687,0.0001411166595062241,0.00015140656614676118,0.00016169647278729826,0.00017198637942783535,0.00018227628606837243,0.0001925661927089095,0.00020285611390136182,0.0002131460205418989,0.000223435927182436,0.00023372583382297307,0.00024401574046351016,0.00025430566165596247,0.0002645955537445843,0.00027488547493703663,0.0002851753670256585,0.0002954652882181108,0.00030575518030673265,0.00031604510149918497]},"actor_loss":-0.00844169408082962,"_wandb":{"runtime":1109},"return":0,"total_loss":-0.031105108559131622,"_step":19999,"gradients/critic.weight":{"_type":"histogram","values":[67,2,0,1,3,1,2,1,3,2,2,0,0,5,1,0,2,2,2,1,2,2,1,1,5,0,1,1,1,3,1,0,1,1,1,1,0,0,0,0,0,0,2,1,0,0,0,2,0,1,0,0,2,0,0,0,0,0,0,0,0,0,0,1],"bins":[-3.2167931749427225e-06,0.0002861080865841359,0.0005754329613409936,0.0008647578069940209,0.0011540827108547091,0.0014434076147153974,0.0017327324021607637,0.002022057306021452,0.00231138220988214,0.0026007071137428284,0.0028900320176035166,0.003179356921464205,0.0034686815924942493,0.0037580064963549376,0.004047331400215626,0.004336656536906958,0.004625981207937002,0.004915305878967047,0.005204631015658379,0.005493955686688423,0.005783280823379755,0.0060726054944098,0.0063619306311011314,0.006651255302131176,0.0069405799731612206,0.007229905109852552,0.007519229780882597,0.007808554917573929,0.008097879588603973,0.008387204259634018,0.008676529861986637,0.008965854533016682,0.009255179204046726,0.00954450387507677,0.009833828546106815,0.010123154148459435,0.010412478819489479,0.010701803490519524,0.010991128161549568,0.011280453763902187,0.011569778434932232,0.011859103105962276,0.012148427776992321,0.012437752448022366,0.012727078050374985,0.01301640272140503,0.013305727392435074,0.013595052063465118,0.013884376734495163,0.014173702336847782,0.014463027007877827,0.014752351678907871,0.015041676349937916,0.015331001952290535,0.01562032662332058,0.015909651294350624,0.01619897596538067,0.016488300636410713,0.016777625307440758,0.017066949978470802,0.017356276512145996,0.01764560118317604,0.017934925854206085,0.01822425052523613,0.018513575196266174]},"gradients/feature_layer.0.weight":{"values":[1,0,0,0,1,2,1,0,0,0,5,1,1,0,0,0,1,0,2,6,2,1,1,11,63,1938,101,14,5,1,2,1,1,2,1,0,2,1,1,0,1,2,0,0,0,0,1,1,0,0,0,0,0,0,0,1,0,0,0,0,0,0,0,1],"bins":[-0.002952724928036332,-0.0028376118279993534,-0.0027224989607930183,-0.0026073858607560396,-0.002492272760719061,-0.002377159660682082,-0.0022620465606451035,-0.0021469336934387684,-0.0020318205934017897,-0.001916707493364811,-0.001801594509743154,-0.0016864815261214972,-0.0015713684260845184,-0.0014562553260475397,-0.0013411423424258828,-0.001226029358804226,-0.0011109162587672472,-0.0009958031587302685,-0.0008806901751086116,-0.0007655771332792938,-0.000650464091449976,-0.0005353510496206582,-0.00042023800779134035,-0.00030512496596202254,-0.00019001192413270473,-7.489888230338693e-05,4.021415952593088e-05,0.0001553272013552487,0.0002704402431845665,0.0003855532850138843,0.0005006663268432021,0.0006157793686725199,0.0007308926433324814,0.0008460056851617992,0.000961118726991117,0.001076231710612774,0.0011913448106497526,0.0013064579106867313,0.0014215708943083882,0.0015366838779300451,0.0016517969779670238,0.0017669100780040026,0.0018820230616256595,0.0019971360452473164,0.002112249145284295,0.002227362245321274,0.002342475112527609,0.0024575882125645876,0.0025727013126015663,0.002687814412638545,0.0028029275126755238,0.002918040379881859,0.0030331534799188375,0.0031482665799558163,0.0032633794471621513,0.00337849254719913,0.0034936056472361088,0.0036087187472730875,0.0037238318473100662,0.0038389447145164013,0.003954057581722736,0.004069170914590359,0.004184283781796694,0.004299397114664316,0.004414509981870651],"_type":"histogram"},"gradients/actor.bias":{"values":[1,0,0,0,0,0,0,0,0,0,0,0,0,0,0,0,1,0,0,0,0,0,1,2,1,0,0,0,0,0,0,1,2,1,1,0,0,1,1,0,0,0,0,0,0,0,0,0,0,1,0,0,0,0,0,0,0,0,1,0,0,0,0,1],"bins":[-0.0003349233593326062,-0.00032465459662489593,-0.00031438583391718566,-0.0003041170712094754,-0.00029384830850176513,-0.00028357954579405487,-0.0002733107830863446,-0.00026304202037863433,-0.00025277325767092407,-0.0002425044949632138,-0.00023223573225550354,-0.00022196696954779327,-0.000211698206840083,-0.00020142944413237274,-0.00019116068142466247,-0.0001808919187169522,-0.00017062315600924194,-0.00016035439330153167,-0.0001500856305938214,-0.00013981686788611114,-0.00012954810517840087,-0.00011927934247069061,-0.00010901057976298034,-9.874181705527008e-05,-8.847305434755981e-05,-7.820429163984954e-05,-6.793552893213928e-05,-5.766676622442901e-05,-4.7398003516718745e-05,-3.712924080900848e-05,-2.6860478101298213e-05,-1.6591715393587947e-05,-6.322923582047224e-06,3.945839125663042e-06,1.4214601833373308e-05,2.4483364541083574e-05,3.475212724879384e-05,4.5020889956504107e-05,5.528965266421437e-05,6.555841537192464e-05,7.58271780796349e-05,8.609594078734517e-05,9.636470349505544e-05,0.0001066334662027657,0.00011690222891047597,0.00012717099161818624,0.0001374397543258965,0.00014770851703360677,0.00015797727974131703,0.0001682460424490273,0.00017851480515673757,0.00018878356786444783,0.0001990523305721581,0.00020932109327986836,0.00021958985598757863,0.0002298586186952889,0.00024012738140299916,0.00025039614411070943,0.0002606649068184197,0.00027093366952612996,0.00028120243223384023,0.0002914711949415505,0.00030173995764926076,0.000312008720356971,0.0003222774830646813],"_type":"histogram"},"_timestamp":1.76387839548831e+09,"gradients/actor.weight":{"values":[1,0,0,0,0,1,2,1,2,1,1,3,3,0,0,2,2,2,5,4,3,8,6,8,3,6,6,10,8,12,26,42,68,90,1331,132,51,32,27,21,15,21,11,11,14,10,5,8,6,2,4,6,1,5,1,1,1,2,2,1,0,0,0,1],